nombre_nuevo,marca,modelos,vista,color,detalle,origen,copias_descartadas,md5,ancho,alto,bytes_original,bytes_final,nota
byd_atto2_detalle_sd_gear.jpg,byd,BYD Atto 2,detalle,sd,gear,Atto 2/Detalles/08、ATTO 2 DMi_LHD_Gear_download_JPG_RGB.jpg,,8b79ef3ff4d50c4f7b2254433c29f0da,2000,1282,13222390,300047,
byd_atto2_detalle_sd_door.jpg,byd,BYD Atto 2,detalle,sd,door,Atto 2/Detalles/10、ATTO 2 DMi_LHD_Interior_Door_download_JPG_RGB.jpg,,cf580a27f30dbe2fb887343ec9944731,2000,1306,25385715,494248,
byd_atto2_detalle_sd_unlimited-charging.jpg,byd,BYD Atto 2,detalle,sd,unlimited-charging,Atto 2/Detalles/11、ATTO 2 DMi_LHD_Unlimited charging_download_JPG_RGB.jpg,,83768e8f981bc23d0b359f55a81bfaaf,2000,1111,15409879,487982,
byd_atto2_detalle_sd_charging-gun.jpg,byd,BYD Atto 2,detalle,sd,charging-gun,Atto 2/Detalles/14.ATTO 2 DMi_LHD_Charging gun_download_JPG_RGB.jpg,,06da06ace8e797884b828c27472ac8c1,2000,1234,18157107,473311,
byd_atto2_detalle_sd_wheel-hub.jpg,byd,BYD Atto 2,detalle,sd,wheel-hub,Atto 2/Detalles/15.ATTO 2 DMi_LHD_Wheel Hub_download_JPG_RGB.jpg,,39e7e0927c7e57049d823f759dfad08d,2000,1366,30091079,534336,
byd_atto2_detalle_sd_nfc.jpg,byd,BYD Atto 2,detalle,sd,nfc,Atto 2/Detalles/16.ATTO 2 DMi_LHD_NFC_download_JPG_RGB.jpg,,3543cc720b9467e165ac63e130f06bf7,2000,1440,17903790,323922,
byd_atto2_detalle_sd_1.jpg,byd,BYD Atto 2,detalle,sd,,Atto 2/Detalles/Copia de H-31.jpg,,71d4be702f88e0ce6871d870fee582f3,1334,2000,18626658,528534,
byd_atto2_detalle_sd_2.jpg,byd,BYD Atto 2,detalle,sd,,Atto 2/Detalles/Copia de H-8.jpg,,1631085d21b6746f58b8b6ff1ff922ab,1334,2000,19190596,555005,
byd_atto2_detalle_sd_3.jpg,byd,BYD Atto 2,detalle,sd,,Atto 2/Detalles/Copia de H-9.jpg,,e9494ff5eb2b443c7f2aba564f9d3c61,1334,2000,18254679,503344,
byd_atto2_exterior_malachite-darkcyan_high-end-wheels-left.jpg,byd,BYD Atto 2,exterior,malachite-darkcyan,high-end-wheels-left,Atto 2/Exterior/Malachite Darkcyan/02.ATTO 2 DMi_LHD_Midnight Blue_High-end Wheels_Left_download_JPG_RGB.jpg,,2d31706a9415a11f6795f2357586f91e,2000,1125,50128232,368567,
byd_atto2_exterior_malachite-darkcyan_high-end-wheels-left-diagonal.jpg,byd,BYD Atto 2,exterior,malachite-darkcyan,high-end-wheels-left-diagonal,Atto 2/Exterior/Malachite Darkcyan/04.ATTO 2 DMi_LHD_Midnight Blue_High-end Wheels_Left 45°_download_JPG_RGB.jpg,,7bfe04f86cd956431c5c2866d9a7a7e9,2000,1125,68631169,363130,
byd_atto2_exterior_malachite-darkcyan_right.jpg,byd,BYD Atto 2,exterior,malachite-darkcyan,right,Atto 2/Exterior/Malachite Darkcyan/05.ATTO 2 DMi_LHD_Right 60°_download_JPG_RGB.jpg,,697c104f89fe950cbb860e4c2927035d,2000,1125,42942399,457082,
byd_atto2_exterior_malachite-darkcyan_high-altitude-view.jpg,byd,BYD Atto 2,exterior,malachite-darkcyan,high-altitude-view,Atto 2/Exterior/Malachite Darkcyan/06.ATTO 2 DMi_LHD_High Altitude View_download_JPG_RGB.jpg,,79ebdf252f5e395ea5b458141a1ede7e,2000,1125,45779057,483731,
byd_atto2_exterior_malachite-darkcyan_overlook.jpg,byd,BYD Atto 2,exterior,malachite-darkcyan,overlook,Atto 2/Exterior/Malachite Darkcyan/07.ATTO 2 DMi_LHD_Overlook_download_JPG_RGB.jpg,,ab706a80da770836bef2fb0342cb3110,2000,1125,3800372,257784,
byd_atto2_exterior_malachite-darkcyan_overlook-rear.jpg,byd,BYD Atto 2,exterior,malachite-darkcyan,overlook-rear,Atto 2/Exterior/Malachite Darkcyan/13.ATTO 2 DMi_LHD_Overlook_Rear_download_JPG_RGB.jpg,,6af135fb0ebad674292f858458830c56,2000,1500,39669557,428066,
byd_atto2_exterior_malachite-darkcyan_tailight.jpg,byd,BYD Atto 2,exterior,malachite-darkcyan,tailight,Atto 2/Exterior/Malachite Darkcyan/17.ATTO 2 DMi_LHD_Tailight_download_JPG_RGB.jpg,,f6c84093d05a68d6a6826bb448b43c87,2000,1440,24842709,511416,
byd_atto2_exterior_skiing-white_wheels.jpg,byd,BYD Atto 2,exterior,skiing-white,wheels,Atto 2/Exterior/Skiing White/19.ATTO 2 DMi_LHD_Skiing white_17 inch wheels.jpg,,36cb0f507e19377fc3bd13ea52d44c16,2000,1125,466117,214088,
byd_atto2_exterior_skiing-white_wheels-front.png,byd,BYD Atto 2,exterior,skiing-white,wheels-front,Atto 2/Exterior/Skiing White/19.ATTO 2 DMi_LHD_Skiing white_17 inch wheels_download_Front_PNG_.png,,42cdf128f8b21da4d379dd79437be124,2000,1125,25851839,636180,
byd_atto2_exterior_skiing-white_wheels-left-front-diagonal.png,byd,BYD Atto 2,exterior,skiing-white,wheels-left-front-diagonal,Atto 2/Exterior/Skiing White/19.ATTO 2 DMi_LHD_Skiing white_17 inch wheels_download_Left Front 45°_PNG.png,,c43501c7a0392c91f53de35e736f2c7e,2000,1125,34158056,632748,
byd_atto2_exterior_skiing-white_wheels-rear.png,byd,BYD Atto 2,exterior,skiing-white,wheels-rear,Atto 2/Exterior/Skiing White/19.ATTO 2 DMi_LHD_Skiing white_17 inch wheels_download_download_Rear_PNG.png,,1f7cd9e7567d6f6392b3faf0cfce6d9a,2000,1125,24303869,624878,
byd_atto2_interior_black_instrument-panel.jpg,byd,BYD Atto 2,interior,black,instrument-panel,Atto 2/Interior Black/01、ATTO 2 DMi_LHD_Interior_Instrument Panel_download_JPG_RGB.jpg,,dd88d2c2786bb1f41fa800656bf8bbd1,2000,1097,17034024,564295,
byd_atto2_interior_black_1.jpg,byd,BYD Atto 2,interior,black,,Atto 2/Interior Black/03、ATTO 2 DMi_LHD_Interior_download_JPG_RGB.jpg,,44fb7671a3a3ed73864c989f21e61726,2000,1319,18567586,505054,
byd_atto2_interior_black_driving-seat.jpg,byd,BYD Atto 2,interior,black,driving-seat,Atto 2/Interior Black/07、ATTO 2 DMi_LHD_Driving Seat_Black_download_JPG_RGB.jpg,,ae4a08473916ed86e280608010139780,2000,1289,24001592,452408,
byd_atto2_interior_black_2.jpg,byd,BYD Atto 2,interior,black,,Atto 2/Interior Black/Copia de H-20.jpg,,a88c590f5097a6cc87e058a9f4773bc9,1334,2000,18608183,527580,
byd_atto2_interior_black_3.jpg,byd,BYD Atto 2,interior,black,,Atto 2/Interior Black/Copia de H-21.jpg,,32bb86ca3dd4e9cf339a34bb190e7de2,1334,2000,9840457,290834,
byd_atto2_interior_gravel-beige_back-seats.jpg,byd,BYD Atto 2,interior,gravel-beige,back-seats,Atto 2/Interior Gravel Beige/05、ATTO 2 DMi_LHD_Back Seats_download_JPG_RGB.jpg,,9ac2044b431194f1f92171fe3ca18163,2000,1240,21834655,512276,
byd_atto2_interior_gravel-beige_driving-seat.jpg,byd,BYD Atto 2,interior,gravel-beige,driving-seat,Atto 2/Interior Gravel Beige/06、ATTO 2 DMi_LHD_Driving Seat_download_JPG_RGB.jpg,,8242c2ff326488c723f797e6e92b48d0,2000,1022,20425734,363041,
byd_atto2_interior_gravel-beige_1.jpg,byd,BYD Atto 2,interior,gravel-beige,,Atto 2/Interior Gravel Beige/09、ATTO 2 DMi_LHD_Interior_download_JPG_RGB.jpg,,c22493108c8270209fc89e8e9bd367e5,2000,1333,21336561,559113,
byd_dolphinmini_detalle_sd_testdrive-mardelplata.jpg,byd,BYD Dolphin Mini,detalle,sd,testdrive-mardelplata,Dolphin Mini/Detalles/BYD.TestDrive.MardelPlata.@braapedro-2.jpg,,235b952a7263a44aa7a6a41cc0886f54,1333,2000,1296064,257685,
byd_dolphinmini_detalle_sd_1.jpg,byd,BYD Dolphin Mini,detalle,sd,,Dolphin Mini/Detalles/Copia de 01íóDOLPHIN SUER_LHD_Interior_download_PSB_RGB ┐¢▒┤.jpg,,44bb64872e479dbbe7631b092670713b,2000,1223,17309674,532661,
byd_dolphinmini_detalle_sd_touchscreen.jpg,byd,BYD Dolphin Mini,detalle,sd,touchscreen,Dolphin Mini/Detalles/Copia de 02íóDOLPHIN SUER_LHD_Interior_Touchscreen_download_PSB_RGB ┐¢▒┤.jpg,,7e9f809ddfc05ba91d2c1f771080aa0e,2000,1138,14243125,392557,
byd_dolphinmini_detalle_sd_front-cabin-space.jpg,byd,BYD Dolphin Mini,detalle,sd,front-cabin-space,Dolphin Mini/Detalles/Copia de 03íóDOLPHIN SUER_LHD_Interior_Front cabin space_download_PSD_RGB ┐¢▒┤.jpg,,e201adffb431c5e546af6786a33d659d,2000,1500,14753893,537329,
byd_dolphinmini_detalle_sd_rear-cabin-space.jpg,byd,BYD Dolphin Mini,detalle,sd,rear-cabin-space,Dolphin Mini/Detalles/Copia de 04íóDOLPHIN SUER_LHD_Interior_Rear cabin space_download_PSD_RGB ┐¢▒┤.jpg,,6e4f80b7b217f9bf7a82d12c9c4f2576,2000,1451,23467617,492241,
byd_dolphinmini_detalle_sd_extra-storage-space-trunk.jpg,byd,BYD Dolphin Mini,detalle,sd,extra-storage-space-trunk,Dolphin Mini/Detalles/Copia de 05íóDOLPHIN SUER_LHD_Interior_Extra storage space of trunk_download_PSB_RGB ┐¢▒┤.jpg,,ca410a8917b25a2a2c69c398a4628314,2000,1127,29014079,428460,
byd_dolphinmini_detalle_sd_front-cabin-high-angle.jpg,byd,BYD Dolphin Mini,detalle,sd,front-cabin-high-angle,Dolphin Mini/Detalles/Copia de 10íóDOLPHIN SURF_LHD_Green_Interior_front cabin_high angle_download_PSB_RGB ┐¢▒┤.jpg,,c37aaf8f11eff1065211108333dd85b0,2000,1193,14584289,530494,
byd_dolphinmini_detalle_sd_front-cabin-right-rear.jpg,byd,BYD Dolphin Mini,detalle,sd,front-cabin-right-rear,Dolphin Mini/Detalles/Copia de 11íóDOLPHIN SURF_LHD_Green_Interior_front cabin_right rear_download_PSB_RGB ┐¢▒┤.jpg,,2273b75a416e8dd869ff6dc3f2a76386,2000,1500,17465996,514030,
byd_dolphinmini_detalle_sd_back-seats-folded.jpg,byd,BYD Dolphin Mini,detalle,sd,back-seats-folded,Dolphin Mini/Detalles/Copia de 12íóDOLPHIN SURF_LHD_Green_Interior_back seats folded_download_PSB_RGB ┐¢▒┤.jpg,,7702449d912b63b7618822474f524784,2000,1333,19574558,516249,
byd_dolphinmini_detalle_sd_trunk.jpg,byd,BYD Dolphin Mini,detalle,sd,trunk,Dolphin Mini/Detalles/Copia de 13íóDOLPHIN SURF_LHD_Green_Interior_trunk_download_PSB_RGB ┐¢▒┤.jpg,,a33e6d5c3f2175603edb20629c24a036,2000,1333,18274815,501053,
byd_dolphinmini_detalle_sd_right-rear-seat-folded.jpg,byd,BYD Dolphin Mini,detalle,sd,right-rear-seat-folded,Dolphin Mini/Detalles/Copia de 14íóDOLPHIN SURF_LHD_Green_Interior_right rear seat folded_download_PSB_RGB ┐¢▒┤.jpg,,38ec5e268940a3ca2e59a79cea679dfd,2000,1333,18811972,504240,
byd_dolphinmini_detalle_sd_console.jpg,byd,BYD Dolphin Mini,detalle,sd,console,Dolphin Mini/Detalles/Copia de 7íóDOLPHIN SURF_LHD_Green_Interior_console_download_PSB_RGB ┐¢▒┤.jpg,,6b83f1f070047940f721db89a0971af7,2000,1503,17139008,640949,
byd_dolphinmini_detalle_sd_driver-seat.jpg,byd,BYD Dolphin Mini,detalle,sd,driver-seat,Dolphin Mini/Detalles/Copia de 8íóDOLPHIN SURF_LHD_Green_Interior_Driver seat_download_PSB_RGB ┐¢▒┤.jpg,,36eb9175203a9ac9c0e2adab82931e25,2000,1500,17092955,558418,
byd_dolphinmini_detalle_sd_2.jpg,byd,BYD Dolphin Mini,detalle,sd,,Dolphin Mini/Detalles/Copia de INT-mob.jpg,,3d2bf10d2195384e0b9e8c29fcdf9a26,2000,1467,272972,469236,
byd_dolphinmini_detalle_sd_3.jpg,byd,BYD Dolphin Mini,detalle,sd,,Dolphin Mini/Detalles/Copia de image (7).jpg,,5a0359bf21deccc93cb263b8be5d40aa,2000,1125,1653702,447735,
byd_dolphinmini_detalle_sd_wheel.jpg,byd,BYD Dolphin Mini,detalle,sd,wheel,Dolphin Mini/Detalles/Copia de wheel.jpg,,3c6323566092ecd908cf3192975bb157,2000,1125,1667432,338930,
byd_dolphinmini_detalle_sd_4.jpg,byd,BYD Dolphin Mini,detalle,sd,,Dolphin Mini/Detalles/H-163 (2).jpg,,adee9133550f962562f5e41c147fa4c5,1334,2000,15211755,321051,
byd_dolphinmini_detalle_sd_5.jpg,byd,BYD Dolphin Mini,detalle,sd,,Dolphin Mini/Detalles/H-164.jpg,,8233689eba71c21e55817b99dea0f730,1334,2000,18756539,362306,
byd_dolphinmini_detalle_sd_6.jpg,byd,BYD Dolphin Mini,detalle,sd,,Dolphin Mini/Detalles/H-168 (1).jpg,,c975bb56d377e580f736964a6a531932,1334,2000,18986179,304125,
byd_dolphinmini_exterior_apricity-white_front.jpg,byd,BYD Dolphin Mini,exterior,apricity-white,front,Dolphin Mini/Exterior/Apricity White/Copia de white-front-pc.jpg,,dbadeab2cf9064a7d3bdce26dd926cca,2000,1456,152754,166904,
byd_dolphinmini_exterior_apricity-white_side.jpg,byd,BYD Dolphin Mini,exterior,apricity-white,side,Dolphin Mini/Exterior/Apricity White/Copia de white-side-pc.jpg,,6ac45239b2cb537a0a1722e185c71dce,2000,1456,165011,174639,
byd_dolphinmini_exterior_glacier-blue_front.jpg,byd,BYD Dolphin Mini,exterior,glacier-blue,front,Dolphin Mini/Exterior/Glacier Blue/Copia de Blue-front-mob.jpg,,b444109f02ba411a19592804eb72fa19,2000,1467,189331,189058,
byd_dolphinmini_exterior_glacier-blue_side.jpg,byd,BYD Dolphin Mini,exterior,glacier-blue,side,Dolphin Mini/Exterior/Glacier Blue/Copia de Blue-side-pc.jpg,,4ecb97b5fd08799ca2e9cdb77b888e95,2000,1456,172753,174626,
byd_dolphinmini_exterior_obsidian-black_front.jpg,byd,BYD Dolphin Mini,exterior,obsidian-black,front,Dolphin Mini/Exterior/Obsidian Black/Copia de Black-front-mob.jpg,,82a445081dadc066dd9cc065bde17450,2000,1467,173995,178859,
byd_dolphinmini_exterior_obsidian-black_side.jpg,byd,BYD Dolphin Mini,exterior,obsidian-black,side,Dolphin Mini/Exterior/Obsidian Black/Copia de Black-side-pc.jpg,,06a5c55f4e50fd8b0c95d25b9613fe9f,2000,1456,148579,159843,
byd_dolphinmini_exterior_sprout-green_top-view.jpg,byd,BYD Dolphin Mini,exterior,sprout-green,top-view,Dolphin Mini/Exterior/Sprout Green/Copia de 12íóDOLPHIN SURF_LHD_Green_Exterior_top view_download_PSB_RGB ┐¢▒┤.jpg,,9088a205e1140c912538569ea7b163f9,2000,1497,10507114,434558,
byd_sealu_exterior_smoke-grey_1.jpg,byd,BYD Seal U,exterior,smoke-grey,,Seal U/Exterior/Smoke Grey/Copia de ft-2.jpg,,2384bb233db6d253fd4cbc7f8a4e1550,2000,1227,3566959,528389,
byd_sealu_exterior_smoke-grey_2.jpg,byd,BYD Seal U,exterior,smoke-grey,,Seal U/Exterior/Smoke Grey/Copia de ft-3.jpg,,331d4fc33b9ba9c45ddd9b9d543ebf68,2000,1143,22361702,537569,
byd_sealu_exterior_smoke-grey_3.jpg,byd,BYD Seal U,exterior,smoke-grey,,Seal U/Exterior/Smoke Grey/Copia de ft-6.jpg,,a3cb5721cb450adad028544f32a732bf,2000,1125,7272070,721825,
byd_sealu_exterior_smoke-grey_4.jpg,byd,BYD Seal U,exterior,smoke-grey,,Seal U/Exterior/Smoke Grey/Copia de ft-9.jpg,,e7a199eb6cb5cb2e90a933d0e6f69049,2000,1175,4249816,406025,
byd_shark_sd_sd_testdrive-mardelplata-1.jpg,byd,BYD Shark,sd,sd,testdrive-mardelplata,Shark /BYD.TestDrive.MardelPlata.@braapedro-68 (1).jpg,,8724b0116387c4b0e519bfdb7415497d,1333,2000,2377383,510325,
byd_shark_sd_sd_testdrive-mardelplata-2.jpg,byd,BYD Shark,sd,sd,testdrive-mardelplata,Shark /BYD.TestDrive.MardelPlata.@braapedro-8.jpg,,f5b9d86597429ab5101c698b3ce49c22,1333,2000,1860305,377270,
byd_shark_sd_sd_testdrive-mardelplata-3.jpg,byd,BYD Shark,sd,sd,testdrive-mardelplata,Shark /BYD.TestDrive.MardelPlata.@braapedro-9 (1).jpg,,fdcc82ec0f10c265a4f9c57eb4e73892,1333,2000,1565094,342383,
byd_shark_sd_sd_1.jpg,byd,BYD Shark,sd,sd,,Shark /H-12 (3).jpg,,2dfbae8e334e63699c5c9e1480a798b7,1334,2000,17841423,439614,
byd_shark_sd_sd_2.jpg,byd,BYD Shark,sd,sd,,Shark /H-13 (1).jpg,,3e49ab8916c6c2affd88013a7406c7e7,1334,2000,19440262,494045,
byd_shark_sd_sd_3.jpg,byd,BYD Shark,sd,sd,,Shark /H-16 (1).jpg,,51dc6d01ac596657fca2061f9d1d4ba4,1334,2000,20313650,470176,
byd_songpro_detalle_sd_1.jpg,byd,BYD Song Pro,detalle,sd,,Song Pro/Detalles/Copia de Exterior12.jpg,,7fb905efa153243fb6d56622a18bce62,2000,1385,5181324,620200,
byd_songpro_detalle_sd_2.jpg,byd,BYD Song Pro,detalle,sd,,Song Pro/Detalles/Copia de Exterior7.jpg,,10ceecbdb53d08863eee3f6fe61acbb1,2000,1209,3152348,389233,
byd_songpro_detalle_sd_3.jpg,byd,BYD Song Pro,detalle,sd,,Song Pro/Detalles/Copia de MOD-007.jpg,,28237e1d4707c60e8e6c863a852d75f6,2000,795,222235,302985,
byd_songpro_detalle_sd_4.jpg,byd,BYD Song Pro,detalle,sd,,Song Pro/Detalles/Copia de MOD-008.jpg,,1ba39c366afc7ed00ebaf05fcd471a88,2000,795,195084,264410,
byd_songpro_detalle_sd_5.jpg,byd,BYD Song Pro,detalle,sd,,Song Pro/Detalles/Copia de black 1 (1).jpg,,ba0acbd25728ba4ee57c56887f3d34b4,2000,1124,7628696,301480,
byd_songpro_detalle_sd_6.jpg,byd,BYD Song Pro,detalle,sd,,Song Pro/Detalles/Copia de black 1 (5).jpg,,4dbf5045700def3cb7fbffba3d8d738e,2000,1125,9289653,442357,
byd_songpro_detalle_sd_7.jpg,byd,BYD Song Pro,detalle,sd,,Song Pro/Detalles/Copia de black 1 (6).jpg,,0e22a7957c636352314e255b456a5bdd,2000,1125,10179303,389209,
byd_songpro_detalle_sd_8.jpg,byd,BYD Song Pro,detalle,sd,,Song Pro/Detalles/Copia de black 1 (7).jpg,,09f0c84b26984283b14781dea03a1907,2000,1124,12467027,316985,
byd_songpro_detalle_sd_9.jpg,byd,BYD Song Pro,detalle,sd,,Song Pro/Detalles/H-189 (1).jpg,,389b78205dbc865dc0780f0a41b0f90a,1334,2000,20302236,431095,
byd_songpro_detalle_sd_10.jpg,byd,BYD Song Pro,detalle,sd,,Song Pro/Detalles/H-196 (1).jpg,,5c7be1b54c1ae698ea9db9e15379a03e,2000,1334,24522871,531729,
byd_songpro_exterior_atlantis-blue_1.jpg,byd,BYD Song Pro,exterior,atlantis-blue,,Song Pro/Exterior/Atlantis Blue/Copia de 4.jpg,,06f237732e1912ce0b2f55b8d5b58024,2000,1305,4087118,658183,
byd_songpro_exterior_atlantis-blue_2.jpg,byd,BYD Song Pro,exterior,atlantis-blue,,Song Pro/Exterior/Atlantis Blue/Copia de 6.jpg,,c337727931cf7b59835037e110c6f618,2000,1118,18230705,483646,
byd_songpro_exterior_atlantis-blue_3.jpg,byd,BYD Song Pro,exterior,atlantis-blue,,Song Pro/Exterior/Atlantis Blue/Copia de 7.jpg,,fec715f0c801da5f4132cdf4f79ecf92,2000,1433,4886209,850627,
byd_songpro_exterior_atlantis-blue_4.jpg,byd,BYD Song Pro,exterior,atlantis-blue,,Song Pro/Exterior/Atlantis Blue/Copia de Exterior1.jpg,,61398f7eabb5680d9e4f6f9fab2b7b64,2000,1124,1954044,255024,
byd_songpro_exterior_atlantis-blue_5.jpg,byd,BYD Song Pro,exterior,atlantis-blue,,Song Pro/Exterior/Atlantis Blue/Copia de Exterior2.jpg,,78eaef55456e2c42f0dbb8029bf9c62c,2000,1092,2206613,286656,
byd_songpro_exterior_atlantis-blue_6.jpg,byd,BYD Song Pro,exterior,atlantis-blue,,Song Pro/Exterior/Atlantis Blue/Copia de Exterior6.jpg,,503ab909e6bdc0b0378e72465d04e583,2000,1124,2959854,280261,
byd_songpro_exterior_atlantis-blue_7.jpg,byd,BYD Song Pro,exterior,atlantis-blue,,Song Pro/Exterior/Atlantis Blue/Copia de Exterior9.jpg,,1a6b707eafca0446779b987717c20e51,2000,1124,2995570,278955,
byd_songpro_exterior_atlantis-blue_8.jpg,byd,BYD Song Pro,exterior,atlantis-blue,,Song Pro/Exterior/Atlantis Blue/Copia de MOB-005.jpg,,15977217a5a2b9fe76fb710dd7fc9a59,1000,2000,271646,281586,
byd_songpro_exterior_atlantis-blue_9.jpg,byd,BYD Song Pro,exterior,atlantis-blue,,Song Pro/Exterior/Atlantis Blue/Copia de PC-07.jpg,,fdeca0a0e9b8ffa2cf0fe439e8fd5bea,2000,1125,305036,551182,
byd_songpro_exterior_atlantis-blue_10.jpg,byd,BYD Song Pro,exterior,atlantis-blue,,Song Pro/Exterior/Atlantis Blue/Copia de PC-08.jpg,,ce1159c0973bca43914527938d8133f1,2000,1125,284947,542392,
byd_songpro_exterior_atlantis-blue_11.jpg,byd,BYD Song Pro,exterior,atlantis-blue,,Song Pro/Exterior/Atlantis Blue/Copia de Scenario Pic.jpg,,8e274874bf69b7e8145eafe1ba587111,2000,1055,22581966,470291,
byd_songpro_exterior_atlantis-blue_front.jpg,byd,BYD Song Pro,exterior,atlantis-blue,front,Song Pro/Exterior/Atlantis Blue/Copia de blue-front-mob.jpg,,4651c297a0dd251cf350dfb103bd6ff8,2000,1467,180458,218791,
byd_songpro_exterior_atlantis-blue_side.jpg,byd,BYD Song Pro,exterior,atlantis-blue,side,Song Pro/Exterior/Atlantis Blue/Copia de blue-side-mob.jpg,,d9f740a09a2ed95925c4f37818179d0a,2000,1467,138371,196525,
byd_songpro_exterior_atlantis-blue_12.jpg,byd,BYD Song Pro,exterior,atlantis-blue,,Song Pro/Exterior/Atlantis Blue/Copia de byd-songpro-homepage-kv-pc.jpg,,ec66ffe2157ed38566e9ed72ede788c0,2000,1125,671627,393178,
byd_songpro_exterior_obsidian-black_1.jpg,byd,BYD Song Pro,exterior,obsidian-black,,Song Pro/Exterior/Obsidian Black/Copia de black 1 (10).jpg,,829bc0f17b6b8c835cc247bbe5e091c7,2000,1124,21985856,248954,
byd_songpro_exterior_obsidian-black_2.jpg,byd,BYD Song Pro,exterior,obsidian-black,,Song Pro/Exterior/Obsidian Black/Copia de black 1 (11).jpg,,d6c205796057271ac8c6c3d01f708d4e,2000,1092,13944236,267367,
byd_songpro_exterior_snow-white_1.jpg,byd,BYD Song Pro,exterior,snow-white,,Song Pro/Exterior/Snow White/Copia de 1 (1).jpg,,31ca15cc3c71f406b047ca5f67190d69,2000,1333,5740505,649019,
byd_songpro_exterior_snow-white_2.jpg,byd,BYD Song Pro,exterior,snow-white,,Song Pro/Exterior/Snow White/Copia de 1 (10).jpg,,8513194ac7eee9659e25aa63d39f77c8,2000,1312,4411795,554044,
byd_songpro_exterior_snow-white_3.jpg,byd,BYD Song Pro,exterior,snow-white,,Song Pro/Exterior/Snow White/Copia de 1 (11).jpg,,cb5446528236d85ccfe90ac9e1ef71ab,2000,1312,4100776,494447,
byd_songpro_exterior_snow-white_4.jpg,byd,BYD Song Pro,exterior,snow-white,,Song Pro/Exterior/Snow White/Copia de 1 (12).jpg,,0ba527243b20f7ecb9ba3cf4194301af,2000,1333,6456670,702074,
byd_songpro_exterior_snow-white_5.jpg,byd,BYD Song Pro,exterior,snow-white,,Song Pro/Exterior/Snow White/Copia de 1 (13).jpg,,e030949009575d56d48d123a6944aaff,2000,1333,5419335,689087,
byd_songpro_exterior_snow-white_6.jpg,byd,BYD Song Pro,exterior,snow-white,,Song Pro/Exterior/Snow White/Copia de 1 (14).jpg,,846ef8cd0e358cd98da677553d0ba029,2000,1333,5401289,627770,
byd_songpro_exterior_snow-white_7.jpg,byd,BYD Song Pro,exterior,snow-white,,Song Pro/Exterior/Snow White/Copia de 1 (15).jpg,,5a6549189e6eeeeeb6a65417e7620d23,2000,1333,4006037,473624,
byd_songpro_exterior_snow-white_8.jpg,byd,BYD Song Pro,exterior,snow-white,,Song Pro/Exterior/Snow White/Copia de 1 (2).jpg,,c3292a5239e16f8224e99dbc2a4f797d,2000,1333,5851003,688309,
byd_songpro_exterior_snow-white_9.jpg,byd,BYD Song Pro,exterior,snow-white,,Song Pro/Exterior/Snow White/Copia de 1 (3).jpg,,5604e07c9792ca667bd497b83a9172db,2000,1039,3901532,472946,
byd_songpro_exterior_snow-white_10.jpg,byd,BYD Song Pro,exterior,snow-white,,Song Pro/Exterior/Snow White/Copia de 1 (4).jpg,,8caa3848b89bd3b81b25d93da6ca12a0,2000,1333,4067985,499877,
byd_songpro_exterior_snow-white_11.jpg,byd,BYD Song Pro,exterior,snow-white,,Song Pro/Exterior/Snow White/Copia de 1 (5).jpg,,3265618cacee56f21b3e86451dd0d115,2000,1333,3019758,1062851,
byd_songpro_exterior_snow-white_12.jpg,byd,BYD Song Pro,exterior,snow-white,,Song Pro/Exterior/Snow White/Copia de 1 (6).jpg,,27da1677c9bb2f2ab261c4f7eee4e1b1,2000,1333,6434493,595869,
byd_songpro_exterior_snow-white_13.jpg,byd,BYD Song Pro,exterior,snow-white,,Song Pro/Exterior/Snow White/Copia de 1 (7).jpg,,0324b6568f16f20af1225bd612402144,2000,1333,5818869,772015,
byd_songpro_exterior_snow-white_14.jpg,byd,BYD Song Pro,exterior,snow-white,,Song Pro/Exterior/Snow White/Copia de 1 (8).jpg,,929be0380016532f17317c4a2ad208a9,2000,1333,5110192,596598,
byd_songpro_exterior_snow-white_15.jpg,byd,BYD Song Pro,exterior,snow-white,,Song Pro/Exterior/Snow White/Copia de 1 (9).jpg,,1fda1d6ad67f65d37c959cedd3f23dd3,2000,1312,4934765,624984,
byd_songpro_exterior_snow-white_front.jpg,byd,BYD Song Pro,exterior,snow-white,front,Song Pro/Exterior/Snow White/Copia de white-front-mob.jpg,,7499db375daff96984373c28550b0b3b,2000,1467,161472,206518,
byd_songpro_exterior_snow-white_side.jpg,byd,BYD Song Pro,exterior,snow-white,side,Song Pro/Exterior/Snow White/Copia de white-side-mob.jpg,,7a28ade2bcd23a749967b321c985267f,2000,1467,123719,172716,
byd_songpro_exterior_time-grey_front.jpg,byd,BYD Song Pro,exterior,time-grey,front,Song Pro/Exterior/Time Grey/Copia de gray-front-mob.jpg,,1828fed542fac3c26d1ce06d35813f1a,2000,1467,156033,235226,
byd_songpro_exterior_time-grey_side.jpg,byd,BYD Song Pro,exterior,time-grey,side,Song Pro/Exterior/Time Grey/Copia de gray-side-mob.jpg,,54fef96cb292f41351f3a3a543d43ef8,2000,1467,121218,192349,
byd_songpro_interior_gravel-beige_1.jpg,byd,BYD Song Pro,interior,gravel-beige,,Song Pro/Interior Gravel Beige/Copia de Exterior16.jpg,,fa91ce1c73d7e938690840dde85a898a,2000,1058,4327747,465719,
byd_songpro_interior_gravel-beige_2.jpg,byd,BYD Song Pro,interior,gravel-beige,,Song Pro/Interior Gravel Beige/Copia de MOB-01.jpg,,2dc84bd2be1d21f431ab4adfc0ca42b9,1000,2000,302264,363586,
byd_songpro_interior_gravel-beige_3.jpg,byd,BYD Song Pro,interior,gravel-beige,,Song Pro/Interior Gravel Beige/Copia de PC-01.jpg,,fdb0ead0acad6a66423cec9324acc51c,2000,1125,295055,502418,
byd_songpro_interior_gravel-beige_4.jpg,byd,BYD Song Pro,interior,gravel-beige,,Song Pro/Interior Gravel Beige/Copia de interior-mob.jpg,,19ee093d3670e381ce5e86119f9effcb,2000,1467,299193,606389,
byd_songpro_interior_gravel-beige_5.jpg,byd,BYD Song Pro,interior,gravel-beige,,Song Pro/Interior Gravel Beige/Copia de 详情页1-PC(1).jpg,,766f744e7acb3a8b6608cb5a5c9cf7c2,2000,870,294755,347998,
byd_songpro_interior_gravel-beige_6.jpg,byd,BYD Song Pro,interior,gravel-beige,,Song Pro/Interior Gravel Beige/Copia de 详情页2-MOB.jpg,,7116f64360557a787cf108fde72ea478,2000,795,204519,290266,
byd_ti7_detalle_sd_1.jpg,byd,BYD Ti7,detalle,sd,,Ti7/Detalles/Copia de TIi 7 Int (10)_download_PSD_RGB (3).jpg,,0e9c14d96f6069800d3e8b9bf7206994,2000,1345,2882916,653417,
byd_ti7_detalle_sd_2.jpg,byd,BYD Ti7,detalle,sd,,Ti7/Detalles/Copia de TIi 7 Int (11)_download_PSD_RGB (4).jpg,,3b659b0e25f8d5162acf5ce86a0c566f,2000,947,16000510,417020,
byd_ti7_detalle_sd_3.jpg,byd,BYD Ti7,detalle,sd,,Ti7/Detalles/Copia de TIi 7 Int (12)_download_PSD_RGB (5).jpg,,e5928095aad1a37c29a47d52ad05c2b5,2000,1139,52111272,1971399,
byd_ti7_detalle_sd_4.jpg,byd,BYD Ti7,detalle,sd,,Ti7/Detalles/Copia de TIi 7 Int (13)_download_PSD_RGB (6).jpg,,81b08f08f3bb31560068568dc37a60ab,2000,1125,10117948,366256,
byd_ti7_detalle_sd_5.jpg,byd,BYD Ti7,detalle,sd,,Ti7/Detalles/Copia de TIi 7 Int (2)_download_PSD_RGB (10).jpg,,2571047649eaffb8a7e8e1d5b7851c56,2000,1290,14906929,470553,
byd_ti7_detalle_sd_6.jpg,byd,BYD Ti7,detalle,sd,,Ti7/Detalles/Copia de TIi 7 Int (3)_download_PSD_RGB (12).jpg,,dd84080228247e443365dc706aa50bd4,2000,1022,15866233,300303,
byd_ti7_exterior_sd_1.jpg,byd,BYD Ti7,exterior,sd,,Ti7/Exterior/2 Ti 7_download_PSD_RGB.jpg,,6bcd62e5dbf62f680c98fb32e4247aca,2000,1120,3078058,527251,
byd_ti7_exterior_sd_ti7kva.jpg,byd,BYD Ti7,exterior,sd,ti7kva,Ti7/Exterior/20260326 Ti 7KVA002_download_PSD_RGB.jpg,,bfa6780a1b63205e218e58ded8401a96,2000,1152,7215101,397047,
byd_ti7_exterior_sd_2.jpg,byd,BYD Ti7,exterior,sd,,Ti7/Exterior/3 Ti 7_download_PSD_RGB.jpg,,6dd2cead0ef016a8547d7f318f271e08,2000,1120,3883387,562804,
byd_ti7_exterior_sd_3.jpg,byd,BYD Ti7,exterior,sd,,Ti7/Exterior/TI7-0415-2_download_PSD_RGB.jpg,,86a2ad94eedcc8cdec24138d08877713,2000,1115,5508957,719974,
byd_ti7_exterior_sd_4.jpg,byd,BYD Ti7,exterior,sd,,Ti7/Exterior/Ti 7 -001_download_PSD_RGB.jpg,,5eda53849b58aa99d996dfbacb3b9328,2000,1116,4199662,476051,
byd_ti7_exterior_sd_lifestyle-1.jpg,byd,BYD Ti7,exterior,sd,lifestyle,Ti7/Exterior/Ti 7 lifestyle (1)_download_JPG_RGB.jpg,,875490f0a83b12ce295f6696ea12bf70,2000,1125,5688297,294664,
byd_ti7_exterior_sd_lifestyle-2.jpg,byd,BYD Ti7,exterior,sd,lifestyle,Ti7/Exterior/Ti 7 lifestyle (10)_download_JPG_RGB.jpg,,ae61b7df0c96e76521fe86565a9c5b5b,2000,1125,7878477,555708,
byd_ti7_exterior_sd_lifestyle-3.jpg,byd,BYD Ti7,exterior,sd,lifestyle,Ti7/Exterior/Ti 7 lifestyle (2)_download_JPG_RGB.jpg,,d5da18ce8f22b90a662f392c53b58e94,2000,1125,8622925,656452,
byd_ti7_exterior_sd_lifestyle-4.jpg,byd,BYD Ti7,exterior,sd,lifestyle,Ti7/Exterior/Ti 7 lifestyle (3)_download_JPG_RGB.jpg,,5543a044eb9b48ac6c68b2bee7a7d4e3,2000,1124,4298527,555631,
byd_ti7_exterior_sd_lifestyle-5.jpg,byd,BYD Ti7,exterior,sd,lifestyle,Ti7/Exterior/Ti 7 lifestyle (4)_download_JPG_RGB.jpg,,a693f74107f8d63cc3ba29b66f244620,2000,1125,6229059,572920,
byd_ti7_exterior_sd_lifestyle-6.jpg,byd,BYD Ti7,exterior,sd,lifestyle,Ti7/Exterior/Ti 7 lifestyle (5)_download_JPG_RGB.jpg,,ce334dbe41478e1f46a0e66abf786b5b,2000,1125,7391673,392638,
byd_ti7_exterior_sd_lifestyle-7.jpg,byd,BYD Ti7,exterior,sd,lifestyle,Ti7/Exterior/Ti 7 lifestyle (8)_download_JPG_RGB.jpg,,96be2e050dfcc4f481d7992c52da731e,2000,1125,32946202,585337,
byd_ti7_exterior_sd_lifestyle-8.jpg,byd,BYD Ti7,exterior,sd,lifestyle,Ti7/Exterior/Ti 7 lifestyle (9)_download_JPG_RGB.jpg,,7a7122c69a5611cd9ec42749f7f904e7,2000,1125,22000456,860006,
byd_ti7_exterior_sd_5.jpg,byd,BYD Ti7,exterior,sd,,Ti7/Exterior/Ti 7-0 -001-1_download_PSD_RGB.jpg,,84d64147c52dc01bcba13b63edad911b,2000,1116,1598113,363221,
byd_ti7_exterior_sd_6.jpg,byd,BYD Ti7,exterior,sd,,Ti7/Exterior/Ti 7-0415-1_download_PSD_RGB.jpg,,952befd6f7cb65f4cddb0a338c62d3c2,2000,1116,6272518,752887,
byd_ti7_exterior_sd_7.jpg,byd,BYD Ti7,exterior,sd,,Ti7/Exterior/Ti 7-0415-3_download_PSD_RGB.jpg,,19323a81c9c641d496005ea5d778c850,2000,1116,4625895,689208,
byd_ti7_exterior_sd_8.jpg,byd,BYD Ti7,exterior,sd,,Ti7/Exterior/Ti 7_001_download_PSD_RGB.jpg,,241e463f9c7e1ba8914d9673cf8244f7,2000,1125,6841172,814521,
byd_ti7_exterior_sd_9.jpg,byd,BYD Ti7,exterior,sd,,Ti7/Exterior/Ti 7_002_download_PSD_RGB.jpg,,7072314fb08ee68c7b651914cae9f3a6,2000,1125,6270817,806764,
byd_ti7_exterior_sd_10.jpg,byd,BYD Ti7,exterior,sd,,Ti7/Exterior/Ti 7_download_PSD_RGB_download_PSD_RGB.jpg,,b09505104852efb3c95dbdbb9ee44219,2000,1116,5406792,582113,
byd_ti7_exterior_sd_0426kv.jpg,byd,BYD Ti7,exterior,sd,0426kv,Ti7/Exterior/Ti7-0426KV2_download_PSD_RGB.jpg,,a58b0a1534d8b28a069158e40d1710da,2000,950,15817588,401060,
byd_ti7_interior_sd_1.jpg,byd,BYD Ti7,interior,sd,,Ti7/Interior/TIi 7 Int (1)_download_PSD_RGB (11).jpg,,e315e29fa97c3f5026f5b538c27a86ff,2000,1138,22693571,1356375,
byd_ti7_interior_sd_2.jpg,byd,BYD Ti7,interior,sd,,Ti7/Interior/TIi 7 Int (14)_download_PSD_RGB .jpg,,e6c1a1803cce509c1f62f7ced6c26d3d,2000,1275,29963888,1856938,
byd_ti7_interior_sd_3.jpg,byd,BYD Ti7,interior,sd,,Ti7/Interior/TIi 7 Int (15)_download_PSD_RGB .jpg,,4bf65d580e72498c3cb7c943df8bd3da,2000,1416,52816863,2401612,
byd_ti7_interior_sd_4.jpg,byd,BYD Ti7,interior,sd,,Ti7/Interior/TIi 7 Int (16)_download_PSD_RGB (9).jpg,,635eada4e80a279ac834a250f3163d29,2000,1413,48814618,2336909,
byd_ti7_interior_sd_5.jpg,byd,BYD Ti7,interior,sd,,Ti7/Interior/TIi 7 Int (8)_download_PSD_RGB .jpg,,53ebcf166131d4a57a729d4b06d50b4a,2000,1248,19442963,544738,
byd_ti7_interior_sd_6.jpg,byd,BYD Ti7,interior,sd,,Ti7/Interior/TIi 7 Int (9)_download_PSD_RGB (8).jpg,,4ec3b2dbad2bcf6894b804da1de015ac,2000,1413,36225427,2221222,
byd_yuanpro_detalle_sd_testdrive-mardelplata.jpg,byd,BYD Yuan Pro,detalle,sd,testdrive-mardelplata,Yuan Pro/Detalles/BYD.TestDrive.MardelPlata.@braapedro-38.jpg,,99d0710f43b98c5f1754711db5bf68b6,2000,1333,1684190,348161,
byd_yuanpro_detalle_sd_luz-trasera-1.jpg,byd,BYD Yuan Pro,detalle,sd,luz-trasera,Yuan Pro/Detalles/Copia de YUAN PRO 车尾灯-湖绿.jpg,,40b61ed5655611423155a9dba81a043e,2000,1333,30844842,324997,
byd_yuanpro_detalle_sd_luz-trasera-2.jpg,byd,BYD Yuan Pro,detalle,sd,luz-trasera,Yuan Pro/Detalles/Copia de YUAN PRO 车尾灯-灰.jpg,,ad42efb637faf39de952d3b1740f0623,2000,1333,31931950,341054,
byd_yuanpro_detalle_sd_luz-trasera-3.jpg,byd,BYD Yuan Pro,detalle,sd,luz-trasera,Yuan Pro/Detalles/Copia de YUAN PRO 车尾灯-白.jpg,,5c7e288215d87c704e0902fea00af3fd,2000,1333,31685464,349927,
byd_yuanpro_detalle_sd_luz-trasera-4.jpg,byd,BYD Yuan Pro,detalle,sd,luz-trasera,Yuan Pro/Detalles/Copia de YUAN PRO 车尾灯-绿.jpg,,9da18f02d03145bd112db0484c283e27,2000,1333,32573904,351007,
byd_yuanpro_detalle_sd_luz-trasera-5.jpg,byd,BYD Yuan Pro,detalle,sd,luz-trasera,Yuan Pro/Detalles/Copia de YUAN PRO 车尾灯-黑.jpg,,11027a97e50ed673fe0a007f8771112a,2000,1333,28627990,305591,
byd_yuanpro_detalle_sd_1.jpg,byd,BYD Yuan Pro,detalle,sd,,Yuan Pro/Detalles/Copia de 官网配图产品详情页Minor part-PC 拷贝 3_2.jpg,,93a4137da1e75c86632d5eefefb57606,2000,870,77892,249699,
byd_yuanpro_detalle_sd_2.jpg,byd,BYD Yuan Pro,detalle,sd,,Yuan Pro/Detalles/Copia de 官网配图产品详情页Minor part-mob 拷贝 3_2.jpg,,35443610ff78267d09c16e7ed2420b82,2000,795,63790,243827,
byd_yuanpro_exterior_malachite-darkcyan_trasero.jpg,byd,BYD Yuan Pro,exterior,malachite-darkcyan,trasero,Yuan Pro/Exterior/Malachite Darkcyan/Copia de 003-BYD YUAN PRO-车尾-湖绿.jpg,,a0720d561c4f019003fcb5a428b2fc98,2000,1135,52631296,341139,
byd_yuanpro_exterior_malachite-darkcyan_1.jpg,byd,BYD Yuan Pro,exterior,malachite-darkcyan,,Yuan Pro/Exterior/Malachite Darkcyan/Copia de 官网配图产品想详情页banner图-Mob_2.jpg,,2ba971acae6dad5faba7dacc5ecc7a58,1000,2000,147429,213836,
byd_yuanpro_exterior_malachite-darkcyan_2.jpg,byd,BYD Yuan Pro,exterior,malachite-darkcyan,,Yuan Pro/Exterior/Malachite Darkcyan/Copia de 官网配图产品想详情页banner图-Mob_3.jpg,,0b1485f33c4df592f1bf8957ee2d5e00,1000,2000,170629,233534,
byd_yuanpro_exterior_malachite-darkcyan_3.jpg,byd,BYD Yuan Pro,exterior,malachite-darkcyan,,Yuan Pro/Exterior/Malachite Darkcyan/Copia de 官网配图产品想详情页banner图-Mob_4.jpg,,e60b066e9f91489791f6782851d99f73,1000,2000,140929,159522,
byd_yuanpro_exterior_malachite-darkcyan_4.jpg,byd,BYD Yuan Pro,exterior,malachite-darkcyan,,Yuan Pro/Exterior/Malachite Darkcyan/Copia de 官网配图产品想详情页banner图-pc_2.jpg,,6761f72078ee1dcf48775af4a4afebab,2000,1125,343369,353540,
byd_yuanpro_exterior_malachite-darkcyan_5.jpg,byd,BYD Yuan Pro,exterior,malachite-darkcyan,,Yuan Pro/Exterior/Malachite Darkcyan/Copia de 官网配图产品想详情页banner图-pc_3.jpg,,a1a225596c83d326ee13fed56a23977c,2000,1125,461905,457405,
byd_yuanpro_exterior_malachite-darkcyan_6.jpg,byd,BYD Yuan Pro,exterior,malachite-darkcyan,,Yuan Pro/Exterior/Malachite Darkcyan/Copia de 官网配图产品想详情页banner图-pc_4.jpg,,92492580ec01ed14fcd889defd8a7085,2000,1125,262417,224924,
byd_yuanpro_exterior_malachite-darkcyan_7.jpg,byd,BYD Yuan Pro,exterior,malachite-darkcyan,,Yuan Pro/Exterior/Malachite Darkcyan/Copia de 官网配图产品详情页Minor part-PC 拷贝 2.jpg,,ac02c728a85405aa5cda8f1932100199,2000,870,58273,169254,
byd_yuanpro_exterior_malachite-darkcyan_8.jpg,byd,BYD Yuan Pro,exterior,malachite-darkcyan,,Yuan Pro/Exterior/Malachite Darkcyan/Copia de 官网配图产品详情页Minor part-PC.jpg,,4eff77a8167de740163fc25b6ff5eb9e,2000,870,64928,190730,
byd_yuanpro_exterior_malachite-darkcyan_9.jpg,byd,BYD Yuan Pro,exterior,malachite-darkcyan,,Yuan Pro/Exterior/Malachite Darkcyan/Copia de 官网配图产品详情页Minor part-mob 拷贝 2.jpg,,d518423e1736eaa809c6ca13636a02fd,2000,795,48507,163516,
byd_yuanpro_exterior_malachite-darkcyan_10.jpg,byd,BYD Yuan Pro,exterior,malachite-darkcyan,,Yuan Pro/Exterior/Malachite Darkcyan/Copia de 官网配图产品详情页Minor part-mob.jpg,,aa25f92b12731a7863aec04cf51d4357,2000,795,51408,175476,
byd_yuanpro_exterior_malachite-darkcyan_diagonal-1.jpg,byd,BYD Yuan Pro,exterior,malachite-darkcyan,diagonal,Yuan Pro/Exterior/Malachite Darkcyan/Copia de 官网配图选配页-mob 蓝45.jpg,,0d78dba2566eed3166d9f211fa6b16d7,2000,1467,86219,239796,
byd_yuanpro_exterior_malachite-darkcyan_lateral-1.jpg,byd,BYD Yuan Pro,exterior,malachite-darkcyan,lateral,Yuan Pro/Exterior/Malachite Darkcyan/Copia de 官网配图选配页-mob 蓝侧.jpg,,135aa8ea823d23b5d7a17e00c887a5cf,2000,1467,80955,214573,
byd_yuanpro_exterior_malachite-darkcyan_diagonal-2.jpg,byd,BYD Yuan Pro,exterior,malachite-darkcyan,diagonal,Yuan Pro/Exterior/Malachite Darkcyan/Copia de 官网配图选配页-pc 蓝45.jpg,,46046f9a24d896e00a12aa2bf81ad421,2000,1456,227467,235691,
byd_yuanpro_exterior_malachite-darkcyan_lateral-2.jpg,byd,BYD Yuan Pro,exterior,malachite-darkcyan,lateral,Yuan Pro/Exterior/Malachite Darkcyan/Copia de 官网配图选配页-pc 蓝侧.jpg,,fd40e94c6fd3303f2c51209df135c7d7,2000,1456,215068,207611,
byd_yuanpro_exterior_malachite-darkcyan_11.jpg,byd,BYD Yuan Pro,exterior,malachite-darkcyan,,Yuan Pro/Exterior/Malachite Darkcyan/Copia de 官网配图首页banner图-Mob.jpg,,8cc4f83b1b95c026e11c91b99f04fa59,1000,2000,158884,217388,
byd_yuanpro_exterior_malachite-darkcyan_12.jpg,byd,BYD Yuan Pro,exterior,malachite-darkcyan,,Yuan Pro/Exterior/Malachite Darkcyan/Copia de 官网配图首页banner图-PC.jpg,,aa71034d42b8da828f09c9edaac6bb72,2000,1125,343812,353042,
byd_yuanpro_exterior_obsidian-black_vista-superior.jpg,byd,BYD Yuan Pro,exterior,obsidian-black,vista-superior,Yuan Pro/Exterior/Obsidian Black/Copia de YUAN PRO 俯视-黑.jpg,,fd6469269362065a770160912e0de453,2000,1125,42346966,419948,
byd_yuanpro_exterior_obsidian-black_diagonal.jpg,byd,BYD Yuan Pro,exterior,obsidian-black,diagonal,Yuan Pro/Exterior/Obsidian Black/Copia de 官网配图选配页-mob 黑45.jpg,,5e3710809e4bf874fb274f0ce1caf65c,2000,1467,80171,229452,
byd_yuanpro_exterior_obsidian-black_lateral.jpg,byd,BYD Yuan Pro,exterior,obsidian-black,lateral,Yuan Pro/Exterior/Obsidian Black/Copia de 官网配图选配页-mob 黑侧.jpg,,fa97e9c000a0cd14d662b3a382b29f2c,2000,1467,75395,205436,
byd_yuanpro_exterior_skiing-white_1.jpg,byd,BYD Yuan Pro,exterior,skiing-white,,Yuan Pro/Exterior/Skiing White/Copia de 官网配图产品想详情页banner图-Mob 拷贝 2.jpg,,d81b56592b54580c75be6b8345c39eed,1000,2000,160349,247403,
byd_yuanpro_exterior_skiing-white_2.jpg,byd,BYD Yuan Pro,exterior,skiing-white,,Yuan Pro/Exterior/Skiing White/Copia de 官网配图产品想详情页banner图-pc_1.jpg,,da9040b72081cef78c30f26e4c5dd470,2000,1125,595597,568613,
byd_yuanpro_exterior_skiing-white_diagonal.jpg,byd,BYD Yuan Pro,exterior,skiing-white,diagonal,Yuan Pro/Exterior/Skiing White/Copia de 官网配图选配页-mob 白45.jpg,,b7c8848694fed66085e2c6c1fdeab61b,2000,1467,84644,241956,
byd_yuanpro_exterior_skiing-white_lateral.jpg,byd,BYD Yuan Pro,exterior,skiing-white,lateral,Yuan Pro/Exterior/Skiing White/Copia de 官网配图选配页-mob 白侧.jpg,,aec0774ba1f8a75ace2253e464e15bd6,2000,1467,75548,203579,
byd_yuanpro_exterior_time-grey_frente-lateral.png,byd,BYD Yuan Pro,exterior,time-grey,frente-lateral,Yuan Pro/Exterior/Time Gray/Copia de 前侧.png,,2241937c5bb8d10a06ecf15084355893,1571,2000,15883007,3275456,
byd_yuanpro_exterior_time-grey_diagonal.jpg,byd,BYD Yuan Pro,exterior,time-grey,diagonal,Yuan Pro/Exterior/Time Gray/Copia de 官网配图选配页-mob 灰45.jpg,,0ede055e2c3598fc7274757311f84556,2000,1467,82348,236720,
byd_yuanpro_exterior_time-grey_lateral.jpg,byd,BYD Yuan Pro,exterior,time-grey,lateral,Yuan Pro/Exterior/Time Gray/Copia de 官网配图选配页-mob 灰侧.jpg,,e288a8de2fb0fd3d07d795e189df192f,2000,1467,74955,204003,
byd_yuanpro_interior_black_1.jpg,byd,BYD Yuan Pro,interior,black,,Yuan Pro/Interior Black/Copia de 官网配图选配页-mob 内饰2.jpg,,aca0e650bea878003a2f9b9715007469,2000,1467,136051,447142,
byd_yuanpro_interior_black_2.jpg,byd,BYD Yuan Pro,interior,black,,Yuan Pro/Interior Black/Copia de 官网配图选配页-pc 内饰2.jpg,,0ccefd6e07f9e1ad5cde289836446720,2000,1456,403450,525117,
byd_yuanpro_interior_gravel-beige_1.jpg,byd,BYD Yuan Pro,interior,gravel-beige,,Yuan Pro/Interior Gravel Beige/Copia de 官网配图产品想详情页banner图-Mob 拷贝.jpg,Yuan Pro/Detalles/Copia de 官网配图产品想详情页banner图-Mob 拷贝.jpg,4ded209a05844afde506a9e7eb189b93,1000,2000,312846,458125,2 copias identicas en origen
byd_yuanpro_interior_gravel-beige_2.jpg,byd,BYD Yuan Pro,interior,gravel-beige,,Yuan Pro/Interior Gravel Beige/Copia de 官网配图产品想详情页banner图-pc 拷贝.jpg,,acd52ab136401f93720e9c95a1d3b3ce,2000,1125,525464,469689,
byd_yuanpro_interior_gravel-beige_3.jpg,byd,BYD Yuan Pro,interior,gravel-beige,,Yuan Pro/Interior Gravel Beige/Copia de 官网配图产品详情页Minor part-PC 拷贝 3_1.jpg,,51526dba6cb46f8ee728637c1b73f26c,2000,870,88645,284962,
byd_yuanpro_interior_gravel-beige_4.jpg,byd,BYD Yuan Pro,interior,gravel-beige,,Yuan Pro/Interior Gravel Beige/Copia de 官网配图产品详情页Minor part-PC 拷贝 3_3.jpg,,afa7709403252e606a050e6fa29f7885,2000,870,101936,338335,
byd_yuanpro_interior_gravel-beige_5.jpg,byd,BYD Yuan Pro,interior,gravel-beige,,Yuan Pro/Interior Gravel Beige/Copia de 官网配图产品详情页Minor part-PC 拷贝 4.jpg,,de3c38c610734e7e08e5ee6c3d8863e7,2000,870,88938,294946,
byd_yuanpro_interior_gravel-beige_6.jpg,byd,BYD Yuan Pro,interior,gravel-beige,,Yuan Pro/Interior Gravel Beige/Copia de 官网配图产品详情页Minor part-mob 拷贝 3_1.jpg,,a0f9ef4609f3fdeb05ed68e85ea31350,2000,795,70942,262768,
byd_yuanpro_interior_gravel-beige_7.jpg,byd,BYD Yuan Pro,interior,gravel-beige,,Yuan Pro/Interior Gravel Beige/Copia de 官网配图产品详情页Minor part-mob 拷贝 3_3.jpg,,c6a5000ae7e9ca7600adf958bad2e74a,2000,795,77699,302092,
byd_yuanpro_interior_gravel-beige_8.jpg,byd,BYD Yuan Pro,interior,gravel-beige,,Yuan Pro/Interior Gravel Beige/Copia de 官网配图选配页-mob 内饰1.jpg,,6e3511b7b314919101ce60f8f0a69ad2,2000,1467,155703,509627,
byd_yuanpro_interior_gravel-beige_9.jpg,byd,BYD Yuan Pro,interior,gravel-beige,,Yuan Pro/Interior Gravel Beige/Copia de 官网配图选配页-pc 内饰1.jpg,,52648e13fc06d3600b220b541ce406bf,2000,1456,444710,582262,
